
loan_amount,interest_rate,term_months,income,credit_score,dti,purpose,state,defaulted
5000,7.5,36,48000,720,12.0,credit_card,TX,0
15000,12.1,60,65000,680,18.5,car,CA,1
8000,9.9,36,52000,700,14.2,home_improvement,NY,0
22000,15.2,60,72000,660,22.1,car,FL,1
12000,10.0,48,58000,690,16.0,medical,WA,0
3000,6.5,24,45000,730,10.5,credit_card,TX,0
18000,13.8,60,68000,670,20.0,car,CA,1
9000,8.7,36,54000,705,13.0,home_improvement,NY,0
25000,16.5,60,75000,655,24.0,car,FL,1
11000,9.5,48,60000,695,15.0,medical,WA,0
